Order,Problem,Phase,Sub-Topic,Difficulty,LeetCode #,LeetCode URL,Status,Approaches Mastered,Target Complexity,Confidence,Key Intuition / Trap
1,Single Number,Phase 1: Foundations & Math,Bit Manipulation,Easy,136,https://leetcode.com/problems/single-number/,Not Started,Optimal,O(N) Time | O(1) Space,Unrated,x ^ x = 0 and x ^ 0 = x; XOR cancels duplicates.
2,Number of 1 Bits,Phase 1: Foundations & Math,Bit Manipulation,Easy,191,https://leetcode.com/problems/number-of-1-bits/,Not Started,Optimal,O(set bits) | O(1) Space,Unrated,Brian Kernighan: n & (n - 1) clears lowest set bit.
3,Counting Bits,Phase 1: Foundations & Math,Bit Manipulation,Easy,338,https://leetcode.com/problems/counting-bits/,Not Started,Optimal,O(N) Time | O(1) Space,Unrated,DP relation: dp[i] = dp[i >> 1] + (i & 1).
4,Power of Two,Phase 1: Foundations & Math,Bit Manipulation,Easy,231,https://leetcode.com/problems/power-of-two/,Not Started,Optimal,O(1) Time | O(1) Space,Unrated,n > 0 && (n & (n - 1)) == 0.
5,Reverse Bits,Phase 1: Foundations & Math,Bit Manipulation,Easy,190,https://leetcode.com/problems/reverse-bits/,Not Started,Optimal,O(1) Time | O(1) Space,Unrated,Extract LSB via n & 1 and shift into result.
6,Single Number III,Phase 1: Foundations & Math,Bit Manipulation,Medium,260,https://leetcode.com/problems/single-number-iii/,Not Started,Optimal,O(N) Time | O(1) Space,Unrated,Partition array into 2 groups using LSB mask: diff & (-diff).
7,Single Number II,Phase 1: Foundations & Math,Bit Manipulation,Medium,137,https://leetcode.com/problems/single-number-ii/,Not Started,Optimal,O(N) Time | O(1) Space,Unrated,Count bit frequencies modulo 3 or use bit state machines (ones & twos).
8,Bitwise AND of Numbers Range,Phase 1: Foundations & Math,Bit Manipulation,Medium,201,https://leetcode.com/problems/bitwise-and-of-numbers-range/,Not Started,Optimal,O(log N) | O(1) Space,Unrated,Find common prefix of left and right bit patterns; shift right until equal.
9,Sum of Two Integers,Phase 1: Foundations & Math,Bit Manipulation,Medium,371,https://leetcode.com/problems/sum-of-two-integers/,Not Started,Optimal,O(1) Time | O(1) Space,Unrated,Sum without carry = a ^ b; carry = (a & b) << 1.
10,Subsets (Bitmask),Phase 1: Foundations & Math,Bit Manipulation,Medium,78,https://leetcode.com/problems/subsets/,Not Started,Optimal,O(N * 2^N) | O(1) Space,Unrated,Iterate mask from 0 to (1 << N) - 1.
11,Count Primes,Phase 1: Foundations & Math,Number Theory,Medium,204,https://leetcode.com/problems/count-primes/,Not Started,Optimal,O(N log log N) | O(N) Space,Unrated,Sieve of Eratosthenes; mark multiples starting from p * p.
12,Pow(x n),Phase 1: Foundations & Math,Number Theory,Medium,50,https://leetcode.com/problems/powx-n/,Not Started,Optimal,O(log N) Time | O(1) Space,Unrated,Binary Exponentiation; handle INT_MIN negative exponent with long long.
13,Factorial Trailing Zeroes,Phase 1: Foundations & Math,Number Theory,Medium,172,https://leetcode.com/problems/factorial-trailing-zeroes/,Not Started,Optimal,O(log5 N) | O(1) Space,Unrated,Count factors of 5: n/5 + n/25 + n/125 + ...
14,Max Points on a Line,Phase 1: Foundations & Math,Number Theory,Hard,149,https://leetcode.com/problems/max-points-on-a-line/,Not Started,Optimal,O(N^2) Time | O(N) Space,Unrated,Slope representation via normalized dy / dx using GCD to avoid floating precision.
15,Permutation Sequence,Phase 1: Foundations & Math,Number Theory,Hard,60,https://leetcode.com/problems/permutation-sequence/,Not Started,Optimal,O(N^2) Time | O(N) Space,Unrated,Factorial number system; compute block index k / (n-1)!.
16,Maximum Subarray,Phase 2: Arrays & Pointers,Array Fundamentals,Medium,53,https://leetcode.com/problems/maximum-subarray/,Not Started,Optimal,O(N) Time | O(1) Space,Unrated,Kadane Algorithm: curSum = max(num curSum + num).
17,Best Time to Buy and Sell Stock,Phase 2: Arrays & Pointers,Array Fundamentals,Easy,121,https://leetcode.com/problems/best-time-to-buy-and-sell-stock/,Not Started,Optimal,O(N) Time | O(1) Space,Unrated,Track minPrice so far; maxProfit = max(maxProfit price - minPrice).
18,Maximum Product Subarray,Phase 2: Arrays & Pointers,Array Fundamentals,Medium,152,https://leetcode.com/problems/maximum-product-subarray/,Not Started,Optimal,O(N) Time | O(1) Space,Unrated,Track both curMax and curMin because multiplying by negative flips extremes.
19,Sort Colors,Phase 2: Arrays & Pointers,Array Fundamentals,Medium,75,https://leetcode.com/problems/sort-colors/,Not Started,Optimal,O(N) Time | O(1) Space,Unrated,Dutch National Flag 3-pointer partition: low mid high.
20,Next Permutation,Phase 2: Arrays & Pointers,Array Fundamentals,Medium,31,https://leetcode.com/problems/next-permutation/,Not Started,Optimal,O(N) Time | O(1) Space,Unrated,Find first decreasing pivot from right; swap with just larger element; reverse suffix.
21,Merge Intervals,Phase 2: Arrays & Pointers,Array Fundamentals,Medium,56,https://leetcode.com/problems/merge-intervals/,Not Started,Optimal,O(N log N) | O(N) Space,Unrated,Sort intervals by start time; merge if next.start <= curr.end.
22,Insert Interval,Phase 2: Arrays & Pointers,Array Fundamentals,Medium,57,https://leetcode.com/problems/insert-interval/,Not Started,Optimal,O(N) Time | O(N) Space,Unrated,Add non-overlapping left; merge overlapping; add remaining right.
23,Rotate Image,Phase 2: Arrays & Pointers,Array Fundamentals,Medium,48,https://leetcode.com/problems/rotate-image/,Not Started,Optimal,O(N^2) Time | O(1) Space,Unrated,Clockwise 90 deg rotation = Transpose matrix + Reverse each row.
24,Set Matrix Zeroes,Phase 2: Arrays & Pointers,Array Fundamentals,Medium,73,https://leetcode.com/problems/set-matrix-zeroes/,Not Started,Optimal,O(M * N) | O(1) Space,Unrated,Use 1st row and 1st col as markers; extra variable for col0.
25,Spiral Matrix,Phase 2: Arrays & Pointers,Array Fundamentals,Medium,54,https://leetcode.com/problems/spiral-matrix/,Not Started,Optimal,O(M * N) | O(1) Space,Unrated,Maintain 4 boundaries: top bottom left right; shrink boundaries inward.
26,Two Sum II - Input Array Is Sorted,Phase 2: Arrays & Pointers,Two Pointers,Medium,167,https://leetcode.com/problems/two-sum-ii-input-array-is-sorted/,Not Started,Optimal,O(N) Time | O(1) Space,Unrated,Opposite pointers: left = 0 right = n - 1.
27,3Sum,Phase 2: Arrays & Pointers,Two Pointers,Medium,15,https://leetcode.com/problems/3sum/,Not Started,Optimal,O(N^2) Time | O(1) Space,Unrated,Sort array; fix anchor i; Two Pointers on rest; skip duplicates.
28,4Sum,Phase 2: Arrays & Pointers,Two Pointers,Medium,18,https://leetcode.com/problems/4sum/,Not Started,Optimal,O(N^3) Time | O(1) Space,Unrated,Two nested loops for anchors i and j; Two Pointers; careful with long long overflow.
29,Container With Most Water,Phase 2: Arrays & Pointers,Two Pointers,Medium,11,https://leetcode.com/problems/container-with-most-water/,Not Started,Optimal,O(N) Time | O(1) Space,Unrated,Width shrinks; always move pointer with shorter height inward.
30,Trapping Rain Water,Phase 2: Arrays & Pointers,Two Pointers,Hard,42,https://leetcode.com/problems/trapping-rain-water/,Not Started,Optimal,O(N) Time | O(1) Space,Unrated,Two Pointers maintaining leftMax and rightMax; process lower boundary side.
31,Remove Duplicates from Sorted Array,Phase 2: Arrays & Pointers,Two Pointers,Easy,26,https://leetcode.com/problems/remove-duplicates-from-sorted-array/,Not Started,Optimal,O(N) Time | O(1) Space,Unrated,Slow pointer marks next insertion; fast pointer scans.
32,Move Zeroes,Phase 2: Arrays & Pointers,Two Pointers,Easy,283,https://leetcode.com/problems/move-zeroes/,Not Started,Optimal,O(N) Time | O(1) Space,Unrated,Swap non-zero element with slow pointer position.
33,Maximum Average Subarray I,Phase 2: Arrays & Pointers,Sliding Window,Easy,643,https://leetcode.com/problems/maximum-average-subarray-i/,Not Started,Optimal,O(N) Time | O(1) Space,Unrated,Fixed window of size K: add next element subtract evicted element.
34,Find All Anagrams in a String,Phase 2: Arrays & Pointers,Sliding Window,Medium,438,https://leetcode.com/problems/find-all-anagrams-in-a-string/,Not Started,Optimal,O(N) Time | O(1) Space,Unrated,Fixed window size = len(p); compare 26-element char frequency arrays.
35,Longest Substring Without Repeating Characters,Phase 2: Arrays & Pointers,Sliding Window,Medium,3,https://leetcode.com/problems/longest-substring-without-repeating-characters/,Not Started,Optimal,O(N) Time | O(1) Space,Unrated,Variable window; jump left pointer to lastSeen[c] + 1 when duplicate occurs.
36,Longest Repeating Character Replacement,Phase 2: Arrays & Pointers,Sliding Window,Medium,424,https://leetcode.com/problems/longest-repeating-character-replacement/,Not Started,Optimal,O(N) Time | O(1) Space,Unrated,Window valid if (windowLen - maxFreq) <= k; expand right and shrink left.
37,Max Consecutive Ones III,Phase 2: Arrays & Pointers,Sliding Window,Medium,1004,https://leetcode.com/problems/max-consecutive-ones-iii/,Not Started,Optimal,O(N) Time | O(1) Space,Unrated,Window with at most k zeroes; shrink when zeroCount > k.
38,Minimum Window Substring,Phase 2: Arrays & Pointers,Sliding Window,Hard,76,https://leetcode.com/problems/minimum-window-substring/,Not Started,Optimal,O(|S| + |T|) | O(1) Space,Unrated,Match char frequencies; shrink left as much as possible while all chars matched.
39,Subarrays with K Different Integers,Phase 2: Arrays & Pointers,Sliding Window,Hard,992,https://leetcode.com/problems/subarrays-with-k-different-integers/,Not Started,Optimal,O(N) Time | O(K) Space,Unrated,Exact(K) = AtMost(K) - AtMost(K - 1) identity.
40,Count Number of Nice Subarrays,Phase 2: Arrays & Pointers,Sliding Window,Medium,1248,https://leetcode.com/problems/count-number-of-nice-subarrays/,Not Started,Optimal,O(N) Time | O(1) Space,Unrated,Exact(K odds) = AtMost(K odds) - AtMost(K - 1 odds).
41,Subarray Sum Equals K,Phase 2: Arrays & Pointers,Prefix Sum,Medium,560,https://leetcode.com/problems/subarray-sum-equals-k/,Not Started,Optimal,O(N) Time | O(N) Space,Unrated,prefixSum[j] = prefixSum[i] - k; store prefixSum frequencies in Hash Map.
42,Subarray Sums Divisible by K,Phase 2: Arrays & Pointers,Prefix Sum,Medium,974,https://leetcode.com/problems/subarray-sums-divisible-by-k/,Not Started,Optimal,O(N) Time | O(K) Space,Unrated,Modulo arithmetic: (sum % k + k) % k frequency map.
43,Contiguous Array,Phase 2: Arrays & Pointers,Prefix Sum,Medium,525,https://leetcode.com/problems/contiguous-array/,Not Started,Optimal,O(N) Time | O(N) Space,Unrated,Treat 0 as -1 and 1 as +1; find longest subarray with sum 0 using Hash Map.
44,Product of Array Except Self,Phase 2: Arrays & Pointers,Prefix Sum,Medium,238,https://leetcode.com/problems/product-of-array-except-self/,Not Started,Optimal,O(N) Time | O(1) Space,Unrated,Prefix products in forward pass; suffix products on-the-fly in backward pass.
45,Corporate Flight Bookings,Phase 2: Arrays & Pointers,Difference Array,Medium,1109,https://leetcode.com/problems/corporate-flight-bookings/,Not Started,Optimal,O(N + Q) | O(N) Space,Unrated,Range update [L R val]: diff[L] += val and diff[R+1] -= val; prefix sum sweep.
46,Car Pooling,Phase 2: Arrays & Pointers,Difference Array,Medium,1094,https://leetcode.com/problems/car-pooling/,Not Started,Optimal,O(N + MaxStop) | O(1) Space,Unrated,Difference array of size 1001; diff[from] += num diff[to] -= num; running prefix.
47,Binary Search,Phase 3: Binary Search,1D/2D Binary Search,Easy,704,https://leetcode.com/problems/binary-search/,Not Started,Optimal,O(log N) Time | O(1) Space,Unrated,mid = low + (high - low) / 2 prevents overflow.
48,Search Insert Position,Phase 3: Binary Search,1D/2D Binary Search,Easy,35,https://leetcode.com/problems/search-insert-position/,Not Started,Optimal,O(log N) Time | O(1) Space,Unrated,Standard lower_bound implementation (first index >= target).
49,Find First and Last Position in Sorted Array,Phase 3: Binary Search,1D/2D Binary Search,Medium,34,https://leetcode.com/problems/find-first-and-last-position-of-element-in-sorted-array/,Not Started,Optimal,O(log N) Time | O(1) Space,Unrated,Two binary searches: lower_bound for first; upper_bound - 1 for last.
50,Search in Rotated Sorted Array,Phase 3: Binary Search,1D/2D Binary Search,Medium,33,https://leetcode.com/problems/search-in-rotated-sorted-array/,Not Started,Optimal,O(log N) Time | O(1) Space,Unrated,Identify which half is sorted; check if target falls inside sorted half.
51,Search in Rotated Sorted Array II,Phase 3: Binary Search,1D/2D Binary Search,Medium,81,https://leetcode.com/problems/search-in-rotated-sorted-array-ii/,Not Started,Optimal,O(log N) avg O(N) worst,Unrated,With duplicates if nums[low] == nums[mid] == nums[high] shrink low++ high--.
52,Find Minimum in Rotated Sorted Array,Phase 3: Binary Search,1D/2D Binary Search,Medium,153,https://leetcode.com/problems/find-minimum-in-rotated-sorted-array/,Not Started,Optimal,O(log N) Time | O(1) Space,Unrated,If nums[mid] > nums[high] min lies on right; else min lies at mid or left.
53,Find Peak Element,Phase 3: Binary Search,1D/2D Binary Search,Medium,162,https://leetcode.com/problems/find-peak-element/,Not Started,Optimal,O(log N) Time | O(1) Space,Unrated,If nums[mid] < nums[mid+1] climb right upward slope; else peak on left.
54,Single Element in a Sorted Array,Phase 3: Binary Search,1D/2D Binary Search,Medium,540,https://leetcode.com/problems/single-element-in-a-sorted-array/,Not Started,Optimal,O(log N) Time | O(1) Space,Unrated,Even-Odd index pairing property: pairs start at even index before single element.
55,Search a 2D Matrix,Phase 3: Binary Search,1D/2D Binary Search,Medium,74,https://leetcode.com/problems/search-a-2d-matrix/,Not Started,Optimal,O(log(M*N)) | O(1) Space,Unrated,Virtual 1D mapping: row = mid / cols and col = mid % cols.
56,Search a 2D Matrix II,Phase 3: Binary Search,1D/2D Binary Search,Medium,240,https://leetcode.com/problems/search-a-2d-matrix-ii/,Not Started,Optimal,O(M + N) | O(1) Space,Unrated,Staircase search starting at top-right corner; move left or down.
57,Koko Eating Bananas,Phase 3: Binary Search,Search Space Optimization,Medium,875,https://leetcode.com/problems/koko-eating-bananas/,Not Started,Optimal,O(N log(max)) | O(1) Space,Unrated,Search space speed [1 max(piles)]; monotonic hours function ceil(pile / speed).
58,Capacity To Ship Packages Within D Days,Phase 3: Binary Search,Search Space Optimization,Medium,1011,https://leetcode.com/problems/capacity-to-ship-packages-within-d-days/,Not Started,Optimal,O(N log(sum)) | O(1) Space,Unrated,Search space capacity [max(weights) sum(weights)]; greedy day simulator.
59,Split Array Largest Sum,Phase 3: Binary Search,Search Space Optimization,Hard,410,https://leetcode.com/problems/split-array-largest-sum/,Not Started,Optimal,O(N log(sum)) | O(1) Space,Unrated,Equivalent to Book Allocation Problem; minimize maximum subarray sum.
60,Magnetic Force Between Two Balls,Phase 3: Binary Search,Search Space Optimization,Medium,1552,https://leetcode.com/problems/magnetic-force-between-two-balls/,Not Started,Optimal,O(N log(maxDist)) | O(1) Space,Unrated,Aggressive Cows; maximize minimum distance between chosen positions.
61,Median of Two Sorted Arrays,Phase 3: Binary Search,Search Space Optimization,Hard,4,https://leetcode.com/problems/median-of-two-sorted-arrays/,Not Started,Optimal,O(log(min(M N))) | O(1) Space,Unrated,Binary search partition cuts on smaller array: left1 <= right2 && left2 <= right1.
62,Kth Smallest Element in a Sorted Matrix,Phase 3: Binary Search,Search Space Optimization,Medium,378,https://leetcode.com/problems/kth-smallest-element-in-a-sorted-matrix/,Not Started,Optimal,O(N log(max-min)) | O(1) Space,Unrated,Binary search over value range; count elements <= mid using staircase scan in O(N).
63,Find K-th Smallest Pair Distance,Phase 3: Binary Search,Search Space Optimization,Hard,719,https://leetcode.com/problems/find-k-th-smallest-pair-distance/,Not Started,Optimal,O(N log N + N log(maxDist)),Unrated,Sort array; binary search on distance; count pairs with diff <= mid using Two Pointers.
64,Valid Palindrome,Phase 4: Strings & Pattern Matching,String Fundamentals,Easy,125,https://leetcode.com/problems/valid-palindrome/,Not Started,Optimal,O(N) Time | O(1) Space,Unrated,Two pointers skipping non-alphanumeric chars; case-insensitive comparison.
65,Longest Common Prefix,Phase 4: Strings & Pattern Matching,String Fundamentals,Easy,14,https://leetcode.com/problems/longest-common-prefix/,Not Started,Optimal,O(N * M) | O(1) Space,Unrated,Vertical scanning or sort strings and compare first with last.
66,Reverse Words in a String,Phase 4: Strings & Pattern Matching,String Fundamentals,Medium,151,https://leetcode.com/problems/reverse-words-in-a-string/,Not Started,Optimal,O(N) Time | O(1) Space,Unrated,In-place reversal: reverse entire string then reverse each word individually.
67,String to Integer (atoi),Phase 4: Strings & Pattern Matching,String Fundamentals,Medium,8,https://leetcode.com/problems/string-to-integer-atoi/,Not Started,Optimal,O(N) Time | O(1) Space,Unrated,Handle leading whitespace sign and integer clamp to INT_MIN / INT_MAX.
68,Find the Index of the First Occurrence,Phase 4: Strings & Pattern Matching,Pattern Matching,Easy,28,https://leetcode.com/problems/find-the-index-of-the-first-occurrence-in-a-string/,Not Started,Optimal,O(N + M) | O(M) Space,Unrated,KMP Algorithm using LPS (pi) array to prevent rolling back text pointer.
69,Repeated Substring Pattern,Phase 4: Strings & Pattern Matching,Pattern Matching,Easy,459,https://leetcode.com/problems/repeated-substring-pattern/,Not Started,Optimal,O(N) Time | O(N) Space,Unrated,KMP LPS insight: len % (len - lps[len-1]) == 0 with lps[len-1] > 0. Or (S + S)[1..2n-2] find S.
70,Shortest Palindrome,Phase 4: Strings & Pattern Matching,Pattern Matching,Hard,214,https://leetcode.com/problems/shortest-palindrome/,Not Started,Optimal,O(N) Time | O(N) Space,Unrated,KMP LPS on S + '#' + reverse(S); longest palindromic prefix is lps.back().
71,Repeated DNA Sequences,Phase 4: Strings & Pattern Matching,Pattern Matching,Medium,187,https://leetcode.com/problems/repeated-dna-sequences/,Not Started,Optimal,O(N) Time | O(N) Space,Unrated,Rolling Hash / 2-bit encoding (A:00 C:01 G:10 T:11) for 10-length substrings.
72,Longest Palindromic Substring,Phase 4: Strings & Pattern Matching,Pattern Matching,Medium,5,https://leetcode.com/problems/longest-palindromic-substring/,Not Started,Optimal,O(N) Time | O(N) Space,Unrated,Manacher Algorithm with '#' boundaries for linear O(N) time or Expand Around Center O(N^2).
73,Palindromic Substrings,Phase 4: Strings & Pattern Matching,Pattern Matching,Medium,647,https://leetcode.com/problems/palindromic-substrings/,Not Started,Optimal,O(N) Time via Manacher,Unrated,Count palindromes: sum of (radius + 1) / 2 for each center.
74,Reverse Linked List,Phase 5: Linear Data Structures,Linked Lists,Easy,206,https://leetcode.com/problems/reverse-linked-list/,Not Started,Optimal,O(N) Time | O(1) Space,Unrated,Iterative 3 pointers: prev curr nextTemp.
75,Reverse Linked List II,Phase 5: Linear Data Structures,Linked Lists,Medium,92,https://leetcode.com/problems/reverse-linked-list-ii/,Not Started,Optimal,O(N) Time | O(1) Space,Unrated,Reach node left-1; reverse sublist between left and right in single pass.
76,Reverse Nodes in k-Group,Phase 5: Linear Data Structures,Linked Lists,Hard,25,https://leetcode.com/problems/reverse-nodes-in-k-group/,Not Started,Optimal,O(N) Time | O(1) Space,Unrated,Check if k nodes exist; reverse k nodes; recursively link to next k-group.
77,Linked List Cycle,Phase 5: Linear Data Structures,Linked Lists,Easy,141,https://leetcode.com/problems/linked-list-cycle/,Not Started,Optimal,O(N) Time | O(1) Space,Unrated,Floyd Cycle Detection: slow moves 1 fast moves 2; meet if cycle exists.
78,Linked List Cycle II,Phase 5: Linear Data Structures,Linked Lists,Medium,142,https://leetcode.com/problems/linked-list-cycle-ii/,Not Started,Optimal,O(N) Time | O(1) Space,Unrated,When slow and fast meet reset slow to head; move both 1 step to find cycle start.
79,Merge Two Sorted Lists,Phase 5: Linear Data Structures,Linked Lists,Easy,21,https://leetcode.com/problems/merge-two-sorted-lists/,Not Started,Optimal,O(N + M) | O(1) Space,Unrated,Dummy head node; compare heads of both lists and advance.
80,Merge k Sorted Lists,Phase 5: Linear Data Structures,Linked Lists,Hard,23,https://leetcode.com/problems/merge-k-sorted-lists/,Not Started,Optimal,O(N log K) | O(K) Space,Unrated,Min-Heap priority_queue storing current node of each of the K lists.
81,Remove Nth Node From End of List,Phase 5: Linear Data Structures,Linked Lists,Medium,19,https://leetcode.com/problems/remove-nth-node-from-end-of-list/,Not Started,Optimal,O(N) Time | O(1) Space,Unrated,Two pointers separated by N steps; when fast hits end slow is at target.
82,Intersection of Two Linked Lists,Phase 5: Linear Data Structures,Linked Lists,Easy,160,https://leetcode.com/problems/intersection-of-two-linked-lists/,Not Started,Optimal,O(N + M) | O(1) Space,Unrated,Pointer A switches to headB when null; Pointer B switches to headA; meet at intersection.
83,Palindrome Linked List,Phase 5: Linear Data Structures,Linked Lists,Easy,234,https://leetcode.com/problems/palindrome-linked-list/,Not Started,Optimal,O(N) Time | O(1) Space,Unrated,Find middle via fast/slow; reverse second half; compare halves.
84,Copy List with Random Pointer,Phase 5: Linear Data Structures,Linked Lists,Medium,138,https://leetcode.com/problems/copy-list-with-random-pointer/,Not Started,Optimal,O(N) Time | O(1) Space,Unrated,Weave copied nodes next to originals; copy random links; unweave lists.
85,LRU Cache,Phase 5: Linear Data Structures,Cache Design,Medium,146,https://leetcode.com/problems/lru-cache/,Not Started,Optimal,O(1) Get and Put,Unrated,Doubly Linked List (std::list) for order + Hash Map for O(1) iterator lookup.
86,LFU Cache,Phase 5: Linear Data Structures,Cache Design,Hard,460,https://leetcode.com/problems/lfu-cache/,Not Started,Optimal,O(1) Get and Put,Unrated,keyToValFreq + freqToList (list per frequency) + minFreq counter.
87,Valid Parentheses,Phase 5: Linear Data Structures,Stacks & Queues,Easy,20,https://leetcode.com/problems/valid-parentheses/,Not Started,Optimal,O(N) Time | O(N) Space,Unrated,Push opening brackets to stack; verify matching top on closing brackets.
88,Min Stack,Phase 5: Linear Data Structures,Stacks & Queues,Medium,155,https://leetcode.com/problems/min-stack/,Not Started,Optimal,O(1) All Ops | O(N) Space,Unrated,Pair stack storing {val currentMin} or store 2*val - minVal math encoding.
89,Evaluate Reverse Polish Notation,Phase 5: Linear Data Structures,Stacks & Queues,Medium,150,https://leetcode.com/problems/evaluate-reverse-polish-notation/,Not Started,Optimal,O(N) Time | O(N) Space,Unrated,Operands pushed to stack; operators pop two operands apply op and push result.
90,Decode String,Phase 5: Linear Data Structures,Stacks & Queues,Medium,394,https://leetcode.com/problems/decode-string/,Not Started,Optimal,O(OutputLen) | O(N) Space,Unrated,Two stacks: countStack and stringStack; handle '[' and ']' transitions.
91,Basic Calculator II,Phase 5: Linear Data Structures,Stacks & Queues,Medium,227,https://leetcode.com/problems/basic-calculator-ii/,Not Started,Optimal,O(N) Time | O(1) Space,Unrated,Evaluate * and / immediately with lastNum; delay + and -; sum accumulated results.
92,Next Greater Element I,Phase 5: Linear Data Structures,Monotonic Stack,Easy,496,https://leetcode.com/problems/next-greater-element-i/,Not Started,Optimal,O(N) Time | O(N) Space,Unrated,Monotonic decreasing stack right-to-left; pop elements <= curr.
93,Next Greater Element II (Circular),Phase 5: Linear Data Structures,Monotonic Stack,Medium,503,https://leetcode.com/problems/next-greater-element-ii/,Not Started,Optimal,O(N) Time | O(N) Space,Unrated,Iterate array twice from 2N-1 down to 0 with index i % N on monotonic stack.
94,Daily Temperatures,Phase 5: Linear Data Structures,Monotonic Stack,Medium,739,https://leetcode.com/problems/daily-temperatures/,Not Started,Optimal,O(N) Time | O(N) Space,Unrated,Monotonic decreasing stack storing indices; days = i - st.top().
95,Online Stock Span,Phase 5: Linear Data Structures,Monotonic Stack,Medium,901,https://leetcode.com/problems/online-stock-span/,Not Started,Optimal,O(1) Amortized | O(N) Space,Unrated,Monotonic stack storing pairs {price span}; accumulate spans of smaller prices.
96,Largest Rectangle in Histogram,Phase 5: Linear Data Structures,Monotonic Stack,Hard,84,https://leetcode.com/problems/largest-rectangle-in-histogram/,Not Started,Optimal,O(N) Time | O(N) Space,Unrated,Monotonic increasing stack of indices; width = st.empty() ? i : i - st.top() - 1.
97,Maximal Rectangle,Phase 5: Linear Data Structures,Monotonic Stack,Hard,85,https://leetcode.com/problems/maximal-rectangle/,Not Started,Optimal,O(M * N) | O(N) Space,Unrated,Accumulate consecutive 1s per row into histogram heights; run Largest Rectangle on each row.
98,Sliding Window Maximum,Phase 5: Linear Data Structures,Monotonic Deque,Hard,239,https://leetcode.com/problems/sliding-window-maximum/,Not Started,Optimal,O(N) Time | O(K) Space,Unrated,Monotonic decreasing deque of indices; pop elements outside window and smaller elements.
99,Remove K Digits,Phase 5: Linear Data Structures,Monotonic Stack,Medium,402,https://leetcode.com/problems/remove-k-digits/,Not Started,Optimal,O(N) Time | O(N) Space,Unrated,Greedy monotonic increasing stack; pop while st.top() > digit && k > 0; trim leading zeroes.
100,Subsets,Phase 6: Recursion & Backtracking,Combinatorics,Medium,78,https://leetcode.com/problems/subsets/,Not Started,Optimal,O(N * 2^N) | O(N) Space,Unrated,Backtracking pick / not pick pattern; collect state at every recursion call.
101,Subsets II (With Duplicates),Phase 6: Recursion & Backtracking,Combinatorics,Medium,90,https://leetcode.com/problems/subsets-ii/,Not Started,Optimal,O(N * 2^N) | O(N) Space,Unrated,Sort first; skip duplicate element if i > start && nums[i] == nums[i-1].
102,Permutations,Phase 6: Recursion & Backtracking,Combinatorics,Medium,46,https://leetcode.com/problems/permutations/,Not Started,Optimal,O(N * N!) | O(N) Space,Unrated,Swap-based in-place backtracking or boolean visited array.
103,Permutations II,Phase 6: Recursion & Backtracking,Combinatorics,Medium,47,https://leetcode.com/problems/permutations-ii/,Not Started,Optimal,O(N * N!) | O(N) Space,Unrated,Sort first; skip if i > 0 && nums[i] == nums[i-1] && !visited[i-1].
104,Combination Sum,Phase 6: Recursion & Backtracking,Combinatorics,Medium,39,https://leetcode.com/problems/combination-sum/,Not Started,Optimal,O(2^Target) | O(Target) Space,Unrated,Unlimited choices of same element: stay on same index i on recursive include.
105,Combination Sum II,Phase 6: Recursion & Backtracking,Combinatorics,Medium,40,https://leetcode.com/problems/combination-sum-ii/,Not Started,Optimal,O(2^N) | O(N) Space,Unrated,Each element used once; sort and skip duplicates: i > start && candidates[i] == candidates[i-1].
106,Letter Combinations of a Phone Number,Phase 6: Recursion & Backtracking,Combinatorics,Medium,17,https://leetcode.com/problems/letter-combinations-of-a-phone-number/,Not Started,Optimal,O(4^N * N) | O(N) Space,Unrated,Phone digit-to-char mapping; explore char branching per digit.
107,Generate Parentheses,Phase 6: Recursion & Backtracking,Combinatorics,Medium,22,https://leetcode.com/problems/generate-parentheses/,Not Started,Optimal,O(4^N / sqrt(N)) Catalan,Unrated,Open < n: add '('; close < open: add ')'.
108,Word Search,Phase 6: Recursion & Backtracking,Grid Search,Medium,79,https://leetcode.com/problems/word-search/,Not Started,Optimal,O(M * N * 3^L) | O(L) Space,Unrated,DFS in 4 directions; mark visited in-place by board[r][c] = '#' and backtrack.
109,Word Search II,Phase 6: Recursion & Backtracking,Grid Search,Hard,212,https://leetcode.com/problems/word-search-ii/,Not Started,Optimal,O(M * N * 3^L) with Trie,Unrated,Insert words into Trie; DFS on board matching Trie nodes simultaneously; prune leaf words.
110,N-Queens,Phase 6: Recursion & Backtracking,Hard State Space,Hard,51,https://leetcode.com/problems/n-queens/,Not Started,Optimal,O(N!) Time | O(N) Space,Unrated,O(1) attack checks: cols[c] diag1[r - c + N - 1] diag2[r + c].
111,Sudoku Solver,Phase 6: Recursion & Backtracking,Hard State Space,Hard,37,https://leetcode.com/problems/sudoku-solver/,Not Started,Optimal,O(9^emptyCells) | O(1) Space,Unrated,Find empty cell; test valid '1'..'9'; recurse; backtrack on dead end.
112,Palindrome Partitioning,Phase 6: Recursion & Backtracking,Combinatorics,Medium,131,https://leetcode.com/problems/palindrome-partitioning/,Not Started,Optimal,O(N * 2^N) | O(N) Space,Unrated,If prefix s[start..i] is palindrome add to path and recurse on i + 1.
113,Binary Tree Level Order Traversal,Phase 7: Trees & Advanced Structures,Binary Trees,Medium,102,https://leetcode.com/problems/binary-tree-level-order-traversal/,Not Started,Optimal,O(N) Time | O(N) Space,Unrated,Queue BFS; process level size: loop int sz = q.size().
114,Maximum Depth of Binary Tree,Phase 7: Trees & Advanced Structures,Binary Trees,Easy,104,https://leetcode.com/problems/maximum-depth-of-binary-tree/,Not Started,Optimal,O(N) Time | O(Height) Space,Unrated,1 + max(maxDepth(root->left) maxDepth(root->right)).
115,Diameter of Binary Tree,Phase 7: Trees & Advanced Structures,Binary Trees,Easy,543,https://leetcode.com/problems/diameter-of-binary-tree/,Not Started,Optimal,O(N) Time | O(Height) Space,Unrated,At each node diameter = leftHeight + rightHeight; return 1 + max(left right).
116,Balanced Binary Tree,Phase 7: Trees & Advanced Structures,Binary Trees,Easy,110,https://leetcode.com/problems/balanced-binary-tree/,Not Started,Optimal,O(N) Time | O(Height) Space,Unrated,Bottom-up check: return -1 immediately if subtree unbalanced or abs(lh - rh) > 1.
117,Lowest Common Ancestor of Binary Tree,Phase 7: Trees & Advanced Structures,Binary Trees,Medium,236,https://leetcode.com/problems/lowest-common-ancestor-of-a-binary-tree/,Not Started,Optimal,O(N) Time | O(Height) Space,Unrated,If left and right subtrees both return target node current node is LCA!
118,Binary Tree Right Side View,Phase 7: Trees & Advanced Structures,Binary Trees,Medium,199,https://leetcode.com/problems/binary-tree-right-side-view/,Not Started,Optimal,O(N) Time | O(Height) Space,Unrated,Reverse preorder DFS (Root -> Right -> Left); add node if level == res.size().
119,Construct Binary Tree from Preorder and Inorder,Phase 7: Trees & Advanced Structures,Binary Trees,Medium,105,https://leetcode.com/problems/construct-binary-tree-from-preorder-and-inorder-traversal/,Not Started,Optimal,O(N) Time | O(N) Space,Unrated,Preorder gives root; Inorder split into left/right subtrees via Hash Map index lookup.
120,Serialize and Deserialize Binary Tree,Phase 7: Trees & Advanced Structures,Binary Trees,Hard,297,https://leetcode.com/problems/serialize-and-deserialize-binary-tree/,Not Started,Optimal,O(N) Time | O(N) Space,Unrated,Preorder traversal with delimiters and '#' for null nodes; stringstream rebuild.
121,Binary Tree Maximum Path Sum,Phase 7: Trees & Advanced Structures,Binary Trees,Hard,124,https://leetcode.com/problems/binary-tree-maximum-path-sum/,Not Started,Optimal,O(N) Time | O(Height) Space,Unrated,Ignore negative subtree gains max(0 val); path sum = node->val + leftGain + rightGain.
122,Validate Binary Search Tree,Phase 7: Trees & Advanced Structures,BST,Medium,98,https://leetcode.com/problems/validate-binary-search-tree/,Not Started,Optimal,O(N) Time | O(Height) Space,Unrated,Range validation: minVal < node->val < maxVal with long long bounds.
123,Kth Smallest Element in a BST,Phase 7: Trees & Advanced Structures,BST,Medium,230,https://leetcode.com/problems/kth-smallest-element-in-a-bst/,Not Started,Optimal,O(H + K) Time | O(H) Space,Unrated,Inorder traversal of BST yields sorted values; stop at K-th element.
124,Lowest Common Ancestor of a BST,Phase 7: Trees & Advanced Structures,BST,Medium,235,https://leetcode.com/problems/lowest-common-ancestor-of-a-binary-search-tree/,Not Started,Optimal,O(H) Time | O(1) Space,Unrated,If p and q < curr move left; if both > curr move right; split point is LCA!
125,Binary Search Tree Iterator,Phase 7: Trees & Advanced Structures,BST,Medium,173,https://leetcode.com/problems/binary-search-tree-iterator/,Not Started,Optimal,O(1) Amortized | O(H) Space,Unrated,Controlled recursion with Stack; pushAllLeft(root); pop gives next smallest.
126,Recover Binary Search Tree,Phase 7: Trees & Advanced Structures,BST,Medium,99,https://leetcode.com/problems/recover-binary-search-tree/,Not Started,Optimal,O(N) Time | O(1) Space,Unrated,Morris Inorder traversal; identify first and second swapped anomalies where prev > curr.
127,Maximum Sum BST in Binary Tree,Phase 7: Trees & Advanced Structures,BST,Hard,1373,https://leetcode.com/problems/maximum-sum-bst-in-binary-tree/,Not Started,Optimal,O(N) Time | O(Height) Space,Unrated,Post-order traversal returning struct {isBST minVal maxVal sum}.
128,Implement Trie (Prefix Tree),Phase 7: Trees & Advanced Structures,Trie,Medium,208,https://leetcode.com/problems/implement-trie-prefix-tree/,Not Started,Optimal,O(WordLen) per op | O(TotalChars),Unrated,TrieNode with children[26] and isEndOfWord flag.
129,Design Add and Search Words Data Structure,Phase 7: Trees & Advanced Structures,Trie,Medium,211,https://leetcode.com/problems/design-add-and-search-words-data-structure/,Not Started,Optimal,O(WordLen) avg | O(TotalChars),Unrated,Trie + DFS when encountering wildcard '.'; branch across all 26 children.
130,Maximum XOR of Two Numbers in an Array,Phase 7: Trees & Advanced Structures,Trie,Medium,421,https://leetcode.com/problems/maximum-xor-of-two-numbers-in-an-array/,Not Started,Optimal,O(32 * N) | O(32 * N) Space,Unrated,Bitwise Trie with 0 and 1 branches; greedily choose opposite bit 1 - bit.
131,Maximum XOR With an Element From Array,Phase 7: Trees & Advanced Structures,Trie,Hard,1707,https://leetcode.com/problems/maximum-xor-with-an-element-from-array/,Not Started,Optimal,O(Q log Q + N log N) | O(N),Unrated,Offline queries; sort queries by threshold m; insert numbers <= m into Bitwise Trie.
132,Range Sum Query - Mutable,Phase 7: Trees & Advanced Structures,Segment / Fenwick Tree,Medium,307,https://leetcode.com/problems/range-sum-query-mutable/,Not Started,Optimal,O(log N) Update & Query,Unrated,Binary Indexed Tree (Fenwick) or Segment Tree.
133,Count of Smaller Numbers After Self,Phase 7: Trees & Advanced Structures,Advanced Trees,Hard,315,https://leetcode.com/problems/count-of-smaller-numbers-after-self/,Not Started,Optimal,O(N log N) | O(N) Space,Unrated,Coordinate compression + Fenwick Tree right-to-left or Modified Merge Sort.
134,Reverse Pairs,Phase 7: Trees & Advanced Structures,Advanced Trees,Hard,493,https://leetcode.com/problems/reverse-pairs/,Not Started,Optimal,O(N log N) | O(N) Space,Unrated,Merge Sort counting: nums[i] > 2LL * nums[j] using Two Pointers before merge.
135,Kth Largest Element in an Array,Phase 8: Heaps & Priority Queues,Heap Basics,Medium,215,https://leetcode.com/problems/kth-largest-element-in-an-array/,Not Started,Optimal,O(N) QuickSelect or O(N log K),Unrated,Min-Heap of size K: top element is always K-th largest or QuickSelect partition.
136,Top K Frequent Elements,Phase 8: Heaps & Priority Queues,Heap Basics,Medium,347,https://leetcode.com/problems/top-k-frequent-elements/,Not Started,Optimal,O(N log K) or O(N) Bucket Sort,Unrated,Frequency map + Min-Heap of size K or Bucket Sort array indexed by frequency.
137,Top K Frequent Words,Phase 8: Heaps & Priority Queues,Heap Basics,Medium,692,https://leetcode.com/problems/top-k-frequent-words/,Not Started,Optimal,O(N log K) | O(N) Space,Unrated,Min-heap with custom comparator: lower frequency first; lexicographically larger word first.
138,Find Median from Data Stream,Phase 8: Heaps & Priority Queues,Two Heaps Pattern,Hard,295,https://leetcode.com/problems/find-median-from-data-stream/,Not Started,Optimal,O(log N) Insert O(1) Median,Unrated,Max-Heap (lower half) + Min-Heap (upper half); balance sizes within 1.
139,Sliding Window Median,Phase 8: Heaps & Priority Queues,Two Heaps Pattern,Hard,480,https://leetcode.com/problems/sliding-window-median/,Not Started,Optimal,O(N log K) | O(K) Space,Unrated,Two multisets (simulating heaps with lazy deletion) or hash-based lazy removal heap.
140,Task Scheduler,Phase 8: Heaps & Priority Queues,Greedy / Heap,Medium,621,https://leetcode.com/problems/task-scheduler/,Not Started,Optimal,O(N) Time | O(1) Space,Unrated,Max frequency element formula: (maxFreq - 1) * (n + 1) + maxCount.
141,Reorganize String,Phase 8: Heaps & Priority Queues,Greedy / Heap,Medium,767,https://leetcode.com/problems/reorganize-string/,Not Started,Optimal,O(N log A) | O(A) Space,Unrated,Max-Heap priority_queue; pop top 2 most frequent chars append both and push back.
142,Find K Pairs with Smallest Sums,Phase 8: Heaps & Priority Queues,K-Way Merge,Medium,373,https://leetcode.com/problems/find-k-pairs-with-smallest-sums/,Not Started,Optimal,O(K log(min(N K))) | O(K),Unrated,Min-Heap initialized with {nums1[i] + nums2[0] i 0}; push next index {i j+1}.
143,IPO,Phase 8: Heaps & Priority Queues,Two Heaps Pattern,Hard,502,https://leetcode.com/problems/ipo/,Not Started,Optimal,O(N log N + K log N),Unrated,Sort projects by capital; Min-Heap for capital; Max-Heap for available profits.
144,Number of Islands,Phase 9: Graphs & Networks,Traversals,Medium,200,https://leetcode.com/problems/number-of-islands/,Not Started,Optimal,O(M * N) | O(M * N) Space,Unrated,Connected components via BFS/DFS; mark visited land '1' as water '0'.
145,Clone Graph,Phase 9: Graphs & Networks,Traversals,Medium,133,https://leetcode.com/problems/clone-graph/,Not Started,Optimal,O(V + E) | O(V) Space,Unrated,DFS/BFS with unordered_map<Node* Node*> tracking original-to-clone mapping.
146,Rotting Oranges,Phase 9: Graphs & Networks,BFS Shortest Path,Medium,994,https://leetcode.com/problems/rotting-oranges/,Not Started,Optimal,O(M * N) | O(M * N) Space,Unrated,Multi-source BFS; push all initial rotten oranges to queue simultaneously.
147,Is Graph Bipartite?,Phase 9: Graphs & Networks,Traversals,Medium,785,https://leetcode.com/problems/is-graph-bipartite/,Not Started,Optimal,O(V + E) | O(V) Space,Unrated,2-coloring using BFS/DFS; odd length cycle means not bipartite.
148,Pacific Atlantic Water Flow,Phase 9: Graphs & Networks,Traversals,Medium,417,https://leetcode.com/problems/pacific-atlantic-water-flow/,Not Started,Optimal,O(M * N) | O(M * N) Space,Unrated,Reverse thinking: water flows UPWARD from Pacific and Atlantic borders; find intersection.
149,Surrounded Regions,Phase 9: Graphs & Networks,Traversals,Medium,130,https://leetcode.com/problems/surrounded-regions/,Not Started,Optimal,O(M * N) | O(M * N) Space,Unrated,DFS from border 'O's and mark as safe '#'; flip remaining 'O's to 'X'.
150,Word Ladder,Phase 9: Graphs & Networks,BFS Shortest Path,Hard,127,https://leetcode.com/problems/word-ladder/,Not Started,Optimal,O(N * 26 * L) | O(N * L),Unrated,Shortest path in unweighted graph = BFS; mutate each character 'a'..'z'.
151,Course Schedule,Phase 9: Graphs & Networks,Topological Sort,Medium,207,https://leetcode.com/problems/course-schedule/,Not Started,Optimal,O(V + E) | O(V + E) Space,Unrated,Cycle detection in directed graph: Kahn BFS in-degree algorithm or DFS recursion stack.
152,Course Schedule II,Phase 9: Graphs & Networks,Topological Sort,Medium,210,https://leetcode.com/problems/course-schedule-ii/,Not Started,Optimal,O(V + E) | O(V + E) Space,Unrated,Kahn BFS in-degree topological sort; if topo.size() == numCourses return order.
153,Alien Dictionary,Phase 9: Graphs & Networks,Topological Sort,Hard,269,https://leetcode.com/problems/alien-dictionary/,Not Started,Optimal,O(TotalChars) | O(Alphabet),Unrated,Compare adjacent words to find first differing char -> build directed edge; TopoSort.
154,Minimum Height Trees,Phase 9: Graphs & Networks,Topological Sort,Medium,310,https://leetcode.com/problems/minimum-height-trees/,Not Started,Optimal,O(V) Time | O(V) Space,Unrated,Trim leaf nodes (degree 1) layer by layer inward; centroids are 1 or 2 nodes remaining.
155,Network Delay Time,Phase 9: Graphs & Networks,Shortest Path,Medium,743,https://leetcode.com/problems/network-delay-time/,Not Started,Optimal,O((V + E) log V) Dijkstra,Unrated,Dijkstra algorithm with Min-Heap; answer is max distance across all nodes.
156,Cheapest Flights Within K Stops,Phase 9: Graphs & Networks,Shortest Path,Medium,787,https://leetcode.com/problems/cheapest-flights-within-k-stops/,Not Started,Optimal,O(K * E) Bellman-Ford,Unrated,Bellman-Ford relaxed exactly K + 1 times using snapshot of previous distances.
157,Path With Minimum Effort,Phase 9: Graphs & Networks,Shortest Path,Medium,1631,https://leetcode.com/problems/path-with-minimum-effort/,Not Started,Optimal,O(R * C log(R * C)) Dijkstra,Unrated,Dijkstra min-heap where distance metric is max(dist[u] abs(height[u] - height[v])).
158,Swim in Rising Water,Phase 9: Graphs & Networks,Shortest Path,Hard,778,https://leetcode.com/problems/swim-in-rising-water/,Not Started,Optimal,O(N^2 log N) Dijkstra,Unrated,Dijkstra min-heap minimizing max elevation seen along the path or Binary Search on time.
159,Redundant Connection,Phase 9: Graphs & Networks,DSU / Union-Find,Medium,684,https://leetcode.com/problems/redundant-connection/,Not Started,Optimal,O(N * alpha(N)) | O(N),Unrated,DSU: if find(u) == find(v) edge (u v) creates a cycle and is redundant!
160,Number of Provinces,Phase 9: Graphs & Networks,DSU / Union-Find,Medium,547,https://leetcode.com/problems/number-of-provinces/,Not Started,Optimal,O(N^2 * alpha(N)) | O(N),Unrated,Count distinct parent roots using DSU with path compression.
161,Accounts Merge,Phase 9: Graphs & Networks,DSU / Union-Find,Medium,721,https://leetcode.com/problems/accounts-merge/,Not Started,Optimal,O(N * alpha(N) + E log E),Unrated,Union email to first email of account; group emails by DSU leader; sort emails.
162,Min Cost to Connect All Points,Phase 9: Graphs & Networks,MST,Medium,1584,https://leetcode.com/problems/min-cost-to-connect-all-points/,Not Started,Optimal,O(N^2) Prim or O(E log E) Kruskal,Unrated,Manhattan distance MST: Kruskal with DSU or Prim algorithm.
163,Critical Connections in a Network,Phase 9: Graphs & Networks,Bridges & SCC,Hard,1192,https://leetcode.com/problems/critical-connections-in-a-network/,Not Started,Optimal,O(V + E) | O(V + E) Space,Unrated,Tarjan Algorithm: edge (u v) is a bridge if low[v] > tin[u].
164,Climbing Stairs,Phase 10: Dynamic Programming,1D Linear DP,Easy,70,https://leetcode.com/problems/climbing-stairs/,Not Started,Optimal,O(N) Time | O(1) Space,Unrated,Fibonacci recurrence: dp[i] = dp[i-1] + dp[i-2].
165,Min Cost Climbing Stairs,Phase 10: Dynamic Programming,1D Linear DP,Easy,746,https://leetcode.com/problems/min-cost-climbing-stairs/,Not Started,Optimal,O(N) Time | O(1) Space,Unrated,dp[i] = cost[i] + min(dp[i-1] dp[i-2]); space optimize with 2 variables.
166,House Robber,Phase 10: Dynamic Programming,1D Linear DP,Medium,198,https://leetcode.com/problems/house-robber/,Not Started,Optimal,O(N) Time | O(1) Space,Unrated,dp[i] = max(dp[i-1] nums[i] + dp[i-2]); maintain prev1 and prev2.
167,House Robber II,Phase 10: Dynamic Programming,1D Linear DP,Medium,213,https://leetcode.com/problems/house-robber-ii/,Not Started,Optimal,O(N) Time | O(1) Space,Unrated,Circular houses: max of rob(houses 0..N-2) and rob(houses 1..N-1).
168,Decode Ways,Phase 10: Dynamic Programming,1D Linear DP,Medium,91,https://leetcode.com/problems/decode-ways/,Not Started,Optimal,O(N) Time | O(1) Space,Unrated,Single digit 1..9: add dp[i-1]; two digits 10..26: add dp[i-2].
169,Word Break,Phase 10: Dynamic Programming,1D Linear DP,Medium,139,https://leetcode.com/problems/word-break/,Not Started,Optimal,O(N^2 * L) | O(N) Space,Unrated,dp[i] = true if dp[j] == true && wordDict.contains(s[j..i-1]).
170,Coin Change (Min Coins),Phase 10: Dynamic Programming,Knapsack Patterns,Medium,322,https://leetcode.com/problems/coin-change/,Not Started,Optimal,O(N * Amount) | O(Amount),Unrated,Unbounded knapsack: dp[amount] = min(dp[amount] 1 + dp[amount - coin]).
171,Coin Change II (Total Ways),Phase 10: Dynamic Programming,Knapsack Patterns,Medium,518,https://leetcode.com/problems/coin-change-ii/,Not Started,Optimal,O(N * Amount) | O(Amount),Unrated,Combinations: outer loop coins inner loop amount from coin to total.
172,Partition Equal Subset Sum,Phase 10: Dynamic Programming,Knapsack Patterns,Medium,416,https://leetcode.com/problems/partition-equal-subset-sum/,Not Started,Optimal,O(N * Sum) | O(Sum) Space,Unrated,0/1 Knapsack: target = totalSum / 2; backwards loop to prevent reuse.
173,Target Sum,Phase 10: Dynamic Programming,Knapsack Patterns,Medium,494,https://leetcode.com/problems/target-sum/,Not Started,Optimal,O(N * Sum) | O(Sum) Space,Unrated,Transform to subset sum: (totalSum + target) / 2.
174,Unique Paths,Phase 10: Dynamic Programming,2D & Grid DP,Medium,62,https://leetcode.com/problems/unique-paths/,Not Started,Optimal,O(M * N) | O(N) Space,Unrated,dp[r][c] = dp[r-1][c] + dp[r][c-1]; space optimize to 1D row vector.
175,Unique Paths II,Phase 10: Dynamic Programming,2D & Grid DP,Medium,63,https://leetcode.com/problems/unique-paths-ii/,Not Started,Optimal,O(M * N) | O(N) Space,Unrated,If grid[r][c] == 1 obstacle set dp[c] = 0; else dp[c] += dp[c-1].
176,Minimum Path Sum,Phase 10: Dynamic Programming,2D & Grid DP,Medium,64,https://leetcode.com/problems/minimum-path-sum/,Not Started,Optimal,O(M * N) | O(N) Space,Unrated,dp[r][c] = grid[r][c] + min(dp[r-1][c] dp[r][c-1]).
177,Maximal Square,Phase 10: Dynamic Programming,2D & Grid DP,Medium,221,https://leetcode.com/problems/maximal-square/,Not Started,Optimal,O(M * N) | O(N) Space,Unrated,If matrix[r][c] == '1': dp[r][c] = 1 + min({dp[r-1][c] dp[r][c-1] dp[r-1][c-1]}).
178,Longest Common Subsequence,Phase 10: Dynamic Programming,String DP,Medium,1143,https://leetcode.com/problems/longest-common-subsequence/,Not Started,Optimal,O(N * M) | O(M) Space,Unrated,Match: 1 + dp[i-1][j-1]; mismatch: max(dp[i-1][j] dp[i][j-1]).
179,Edit Distance,Phase 10: Dynamic Programming,String DP,Medium,72,https://leetcode.com/problems/edit-distance/,Not Started,Optimal,O(N * M) | O(M) Space,Unrated,Mismatch: 1 + min({delete: dp[i-1][j] insert: dp[i][j-1] replace: dp[i-1][j-1]}).
180,Distinct Subsequences,Phase 10: Dynamic Programming,String DP,Hard,115,https://leetcode.com/problems/distinct-subsequences/,Not Started,Optimal,O(N * M) | O(M) Space,Unrated,If s[i-1] == t[j-1]: dp[j] += dp[j-1] (backwards loop in space-optimized DP).
181,Regular Expression Matching,Phase 10: Dynamic Programming,String DP,Hard,10,https://leetcode.com/problems/regular-expression-matching/,Not Started,Optimal,O(N * M) | O(N * M) Space,Unrated,Handle '*' star: zero occurrences dp[i][j-2] or one+ occurrences (if match) dp[i-1][j].
182,Wildcard Matching,Phase 10: Dynamic Programming,String DP,Hard,44,https://leetcode.com/problems/wildcard-matching/,Not Started,Optimal,O(N * M) | O(M) Space,Unrated,If p[j-1] == '*': dp[i][j] = dp[i-1][j] (match 1+) || dp[i][j-1] (match 0).
183,Longest Increasing Subsequence,Phase 10: Dynamic Programming,LIS Pattern,Medium,300,https://leetcode.com/problems/longest-increasing-subsequence/,Not Started,Optimal,O(N log N) | O(N) Space,Unrated,Patience sorting: maintain tails array and replace via std::lower_bound.
184,Russian Doll Envelopes,Phase 10: Dynamic Programming,LIS Pattern,Hard,354,https://leetcode.com/problems/russian-doll-envelopes/,Not Started,Optimal,O(N log N) | O(N) Space,Unrated,Sort width ascending; height descending (avoids equal width nesting); LIS on heights.
185,Longest Bitonic Subsequence,Phase 10: Dynamic Programming,LIS Pattern,Hard,1671,https://leetcode.com/problems/minimum-number-of-removals-to-make-mountain-array/,Not Started,Optimal,O(N log N) | O(N) Space,Unrated,LIS from left (increasing) + LIS from right (decreasing); max(lisLeft[i] + lisRight[i] - 1).
186,Burst Balloons,Phase 10: Dynamic Programming,Interval DP / MCM,Hard,312,https://leetcode.com/problems/burst-balloons/,Not Started,Optimal,O(N^3) Time | O(N^2) Space,Unrated,Think backwards: balloon k is the LAST to burst in range [i j].
187,Minimum Cost to Cut a Stick,Phase 10: Dynamic Programming,Interval DP / MCM,Hard,1547,https://leetcode.com/problems/minimum-cost-to-cut-a-stick/,Not Started,Optimal,O(C^3) Time | O(C^2) Space,Unrated,Sort cuts add [0 n]; dp[i][j] = cuts[j] - cuts[i] + min_{k} (dp[i][k] + dp[k][j]).
188,Shortest Path Visiting All Nodes,Phase 10: Dynamic Programming,DP with Bitmasking,Hard,847,https://leetcode.com/problems/shortest-path-visiting-all-nodes/,Not Started,Optimal,O(N^2 * 2^N) BFS/DP,Unrated,BFS on state tuple (node mask); mask == (1 << n) - 1 is target.
189,All O`one Data Structure,Phase 11: System Design Structures,Complex Systems,Hard,432,https://leetcode.com/problems/all-oone-data-structure/,Not Started,Optimal,O(1) All Operations,Unrated,Doubly Linked List of Count Buckets with unordered_set<string> + Hash Map iterator.
190,Time Based Key-Value Store,Phase 11: System Design Structures,Complex Systems,Medium,981,https://leetcode.com/problems/time-based-key-value-store/,Not Started,Optimal,O(log N) Get O(1) Set,Unrated,unordered_map<string vector<pair<timestamp val>>> + std::upper_bound binary search.
191,Snapshot Array,Phase 11: System Design Structures,Complex Systems,Medium,1146,https://leetcode.com/problems/snapshot-array/,Not Started,Optimal,O(1) Snap O(log S) Get,Unrated,Store history vector of {snap_id val} per index; binary search get via upper_bound.
192,Insert Delete GetRandom O(1),Phase 11: System Design Structures,Complex Systems,Medium,380,https://leetcode.com/problems/insert-delete-getrandom-o1/,Not Started,Optimal,O(1) All Operations,Unrated,Dynamic vector + Hash Map val->index; swap element to delete with back() then pop_back().
193,Design Twitter,Phase 11: System Design Structures,Complex Systems,Medium,355,https://leetcode.com/problems/design-twitter/,Not Started,Optimal,O(Followees log Followees),Unrated,User follow graph + Min/Max heap K-way merge of tweets from followees.
194,Maximum Frequency Stack,Phase 11: System Design Structures,Complex Systems,Hard,895,https://leetcode.com/problems/maximum-frequency-stack/,Not Started,Optimal,O(1) Push and Pop,Unrated,valToFreq map + freqToStack (stack of elements per frequency) + maxFreq counter.
